snapshot_id,component,component_module_count
s1-v2-introduced,adapters,15
s1-v2-introduced,orchestration,18
s1-v2-introduced,review,5
s1-v2-introduced,shared,2
s1-v2-introduced,stream,4
s1-v2-introduced,unassigned,170
s2-pre-dbos,adapters,20
s2-pre-dbos,collaboration,1
s2-pre-dbos,orchestration,28
s2-pre-dbos,review,5
s2-pre-dbos,shared,3
s2-pre-dbos,skills,5
s2-pre-dbos,stream,4
s2-pre-dbos,unassigned,279
s3-dbos-repaired,adapters,21
s3-dbos-repaired,collaboration,2
s3-dbos-repaired,decision,5
s3-dbos-repaired,orchestration,48
s3-dbos-repaired,review,5
s3-dbos-repaired,shared,3
s3-dbos-repaired,skills,5
s3-dbos-repaired,stream,4
s3-dbos-repaired,unassigned,344
s4-decision-rewrite,adapters,22
s4-decision-rewrite,collaboration,2
s4-decision-rewrite,decision,7
s4-decision-rewrite,orchestration,46
s4-decision-rewrite,review,5
s4-decision-rewrite,shared,3
s4-decision-rewrite,skills,5
s4-decision-rewrite,stream,4
s4-decision-rewrite,unassigned,358
s5-single-engine,acp,13
s5-single-engine,adapters,2
s5-single-engine,collaboration,1
s5-single-engine,decision,7
s5-single-engine,orchestration,20
s5-single-engine,skills,6
s5-single-engine,unassigned,259
s5-single-engine,worktree,1
pre-rewrite,acp,16
pre-rewrite,adapters,2
pre-rewrite,collaboration,1
pre-rewrite,decision,7
pre-rewrite,orchestration,20
pre-rewrite,skills,6
pre-rewrite,unassigned,316
pre-rewrite,worktree,1
