snapshot_id,language,files_seen,files_analyzed,modules_discovered,files_without_module
s1-v2-introduced,python,0,0,0,0
s1-v2-introduced,rust,14,14,14,0
s1-v2-introduced,typescript,200,200,200,0
s2-pre-dbos,python,0,0,0,0
s2-pre-dbos,rust,28,28,28,0
s2-pre-dbos,typescript,317,317,317,0
s3-dbos-repaired,python,0,0,0,0
s3-dbos-repaired,rust,28,28,28,0
s3-dbos-repaired,typescript,409,409,409,0
s4-decision-rewrite,python,0,0,0,0
s4-decision-rewrite,rust,28,28,28,0
s4-decision-rewrite,typescript,424,424,424,0
s5-single-engine,python,0,0,0,0
s5-single-engine,rust,0,0,0,0
s5-single-engine,typescript,309,309,309,0
pre-rewrite,python,0,0,0,0
pre-rewrite,rust,0,0,0,0
pre-rewrite,typescript,369,369,369,0
